week,scaled_index_rate
2016-10-07,64.53504854195265
2016-10-14,62.55091649039826
2016-10-21,66.15003974670621
2016-10-28,69.25082285983306
2016-11-04,74.31728098217427
2016-11-11,78.87617044016434
2016-11-18,75.47084612842681
2016-11-25,73.61591337325272
2016-12-02,67.97728693837026
2016-12-09,62.49554536337814
2016-12-16,64.83958974056333
2016-12-23,66.00238340798589
2016-12-30,70.3028742732154
2017-01-06,77.79643346327195
2017-01-13,76.9566380368001
2017-01-20,80.31581974268752
2017-01-27,79.63290917610601
2017-02-03,79.74365143014626
2017-02-10,78.88539896133436
2017-02-17,73.86508344484326
2017-02-24,70.96732779745686
2017-03-03,68.96473870356243
2017-03-10,66.72220805924748
2017-03-17,67.05443482136822
2017-03-24,62.22791824944754
2017-03-31,61.2589235265954
2017-04-07,65.35638692608447
2017-04-14,62.154090080087386
2017-04-21,60.41912810012355
2017-04-28,60.64984112937406
2017-05-05,62.04334782604713
2017-05-12,61.194323878405264
2017-05-19,62.846229167838914
2017-05-26,62.82777212549887
2017-06-02,62.83700064666889
2017-06-09,65.6886136882052
2017-06-16,64.7842186135432
2017-06-23,66.06698305617603
2017-06-30,65.18104502385407
2017-07-07,63.63065346729065
2017-07-14,63.75985276367093
2017-07-21,64.39662072440234
2017-07-28,64.6457907959929
2017-08-04,65.153359460344
2017-08-11,66.048526013836
2017-08-18,66.85140735562777
2017-08-25,66.44535242414688
2017-09-01,66.89754996147786
2017-09-08,69.64764927014394
2017-09-15,69.20468025398297
2017-09-22,70.8473570222466
2017-09-29,65.71629925171526
2017-10-06,61.545007682866036
2017-10-13,55.43572666831254
2017-10-20,54.605159763010704
2017-10-27,53.31316679920785
2017-11-03,57.71517139730757
2017-11-10,59.87464535109234
2017-11-17,56.24783653127433
2017-11-24,55.02967173683163
2017-12-01,56.820004843815596
2017-12-08,57.346030550506754
2017-12-15,53.33162384154788
2017-12-22,56.45086399701478
2017-12-29,55.53724040118275
2018-01-05,61.20355239957529
2018-01-12,61.923377050836876
2018-01-19,60.732897819904245
2018-01-26,61.775720712116545
2018-02-02,62.39403163050792
2018-02-09,64.81190417705325
2018-02-16,63.612196424950604
2018-02-23,64.6457907959929
2018-03-02,62.08026191072722
2018-03-09,58.12122632878847
2018-03-16,55.45418371065257
2018-03-23,53.23933862984767
2018-03-30,52.362629118695736
2018-04-06,48.449736142607094
2018-04-13,49.88015692396025
2018-04-20,51.82737489083456
2018-04-27,52.24265834348548
2018-05-04,55.72181082458316
2018-05-11,58.18582597697861
2018-05-18,57.585972100927286
2018-05-25,56.976889703705936
2018-06-01,56.626205899245164
2018-06-08,61.17586683606522
2018-06-15,59.893102393432386
2018-06-22,58.91487914941022
2018-06-29,57.91819886304802
2018-07-06,68.57714081442158
2018-07-13,66.74989362275754
2018-07-20,65.23641615087419
2018-07-27,66.08544009851607
2018-08-03,70.09061828630493
2018-08-10,73.8373978813332
2018-08-17,72.7945749891209
2018-08-24,74.66796478663504
2018-08-31,74.70487887131513
2018-09-07,79.08842642707481
2018-09-14,75.94150070809786
2018-09-21,75.75693028469745
2018-09-28,75.38778943789663
2018-10-05,74.53876549025476
2018-10-12,73.43134294985231
2018-10-19,71.83480878743877
2018-10-26,73.93891161420343
2018-11-02,75.35087535321655
2018-11-09,77.46420670115123
2018-11-16,75.34164683204654
2018-11-23,75.38778943789663
2018-11-30,73.5605422462326
2018-12-07,75.81230141171757
2018-12-14,71.17035526319732
2018-12-21,66.38075277595672
2018-12-28,65.26410171438427
2019-01-04,69.88759082056447
2019-01-11,71.94555104147902
2019-01-18,72.68383273508066
2019-01-25,73.94814013537345
2019-02-01,73.28368661113198
2019-02-08,71.05961300915706
2019-02-15,72.61923308689052
2019-02-22,69.74916300301416
2019-03-01,68.37411334868113
2019-03-08,65.51327178597481
2019-03-15,62.63397318092845
2019-03-22,59.05330696696053
2019-03-29,59.98538760513259
2019-04-05,63.464540086230286
2019-04-12,63.60296790378059
2019-04-19,61.545007682866036
2019-04-26,61.572693246376105
2019-05-03,64.05516544111158
2019-05-10,64.93187495226353
2019-05-17,63.04925663357937
2019-05-24,59.79158866056216
2019-05-31,59.468590419611445
2019-06-07,62.846229167838914
2019-06-14,61.821863317966645
2019-06-21,60.28992880374326
2019-06-28,60.779040425754346
2019-07-05,63.72293867899085
2019-07-12,64.57196262663273
2019-07-19,63.37225487453008
2019-07-26,61.9326055720069
2019-08-02,62.34788902465781
2019-08-09,64.37816368206231
2019-08-16,61.72034958509642
2019-08-23,62.338660503487795
2019-08-30,62.29251789763769
2019-09-06,64.38739220323232
2019-09-13,62.56014501156828
2019-09-20,60.25301471906318
2019-09-27,59.044078445790504
2019-10-04,58.564195344949454
2019-10-11,57.17991716944639
2019-10-18,57.069174915406144
2019-10-25,57.15223160593632
2019-11-01,57.32757350816672
2019-11-08,61.166638314895195
2019-11-15,62.85545768900894
2019-11-22,61.055896060854955
2019-11-29,59.52396154663157
2019-12-06,60.686755214054145
2019-12-13,64.1105365681317
2019-12-20,66.03006897149595
2019-12-27,66.73143658041751
2020-01-03,67.44203271050907
2020-01-10,71.76098061807862
2020-01-17,72.95145984901124
2020-01-24,71.47489646180799
2020-01-31,69.84144821471438
2020-02-07,67.70965982443967
2020-02-14,66.57455172052715
2020-02-21,62.31097493997773
2020-02-28,61.40657986531573
2020-03-06,62.661658744438505
2020-03-13,62.006433741367054
2020-03-20,63.519911213250396
2020-03-27,64.58119114780274
2020-04-03,66.1038971408561
2020-04-10,67.95882989603021
2020-04-17,67.70965982443967
2020-04-24,66.39920981829677
2020-05-01,66.98060665200805
2020-05-08,68.59559785676161
2020-05-15,68.60482637793164
2020-05-22,67.88500172667005
2020-05-29,67.34974749880887
2020-06-05,71.78866618158868
2020-06-12,77.23349367190072
2020-06-19,81.5708986218103
2020-06-26,82.35532292126203
2020-07-03,83.62885884272485
2020-07-10,85.79756131767965
2020-07-17,83.79497222378522
2020-07-24,82.08769580733144
2020-07-31,81.31250002904973
2020-08-07,84.35791201515646
2020-08-14,85.27153561098848
2020-08-21,88.25234794890507
2020-08-28,89.78428246312845
2020-09-04,93.78023212974729
2020-09-11,97.44395503424539
2020-09-18,100.31402511812173
2020-09-25,103.67320682400917
2020-10-02,103.8300916838995
2020-10-09,103.45172231592866
2020-10-16,103.00875329976769
2020-10-23,102.8795540033874
2020-10-30,102.9256966092375
2020-11-06,104.47608816580092
2020-11-13,105.71271000258366
2020-11-20,109.58868889399223
2020-11-27,112.72638609179917
2020-12-04,122.37019071447048
2020-12-11,128.36872947498375
2020-12-18,138.60315945253637
2020-12-25,145.0077531445305
2021-01-01,159.31315958434692
2021-01-08,177.8428314674631
2021-01-15,197.36115374205625
2021-01-22,193.99274351499878
2021-01-29,202.93518052874856
2021-02-05,204.80857032626272
2021-02-12,202.35378369503727
2021-02-19,211.24084958176692
2021-02-26,209.01677597979202
2021-03-05,200.57267910922334
2021-03-12,206.75578829313702
2021-03-19,198.4316621977786
2021-03-26,201.5047597473954
2021-04-02,204.97828409229126
2021-04-09,207.42947033854847
2021-04-16,211.85916050015828
2021-04-23,216.94407566483954
2021-04-30,216.23347953474794
2021-05-07,228.7473542412956
2021-05-14,248.18261982535859
2021-05-21,255.83306387530547
2021-05-28,272.61051536240257
2021-06-04,288.44665769015756
2021-06-11,303.4337760702707
2021-06-18,314.28651696621466
2021-06-25,311.61024582690874
2021-07-02,321.6231912963809
2021-07-09,352.0219400304281
2021-07-16,369.05779011028574
2021-07-23,415.2280815238978
2021-07-30,469.52870008829785
2021-08-06,478.96024872405866
2021-08-13,441.5016812949459
2021-08-20,462.55193808376237
2021-08-27,476.3485772329429
2021-09-03,485.3832994583929
2021-09-10,512.579751346443
2021-09-17,507.3840939277215
2021-09-24,500.16739037276557
2021-10-01,485.2910142466927
2021-10-08,459.08201412383477
2021-10-15,479.6985304176603
2021-10-22,471.3374902376218
2021-10-29,476.2562920212427
2021-11-05,485.6693836146635
2021-11-12,434.2388351341398
2021-11-19,424.60425903263854
2021-11-26,431.5071928678138
2021-12-03,434.8848316160412
2021-12-10,440.643428826134
2021-12-17,438.9638379731903
2021-12-24,435.45699992858255
2021-12-31,428.81698882447574
2022-01-07,423.30073041737313
2022-01-14,439.5729203704116
2022-01-21,446.66965315015733
2022-01-28,452.48362148727017
2022-02-04,445.73757251198526
2022-02-11,444.270237645952
2022-02-18,449.66892253041397
2022-02-25,451.70842570898844
2022-03-04,450.2318623217852
2022-03-11,451.13625739644715
2022-03-18,437.8010443057677
2022-03-25,435.1155446452917
2022-04-01,434.47877668456033
2022-04-08,428.21261081011653
2022-04-22,421.8818452874825
2022-04-29,413.2254924300034
2022-05-06,394.957634773948
2022-05-13,380.03973030261005
2022-05-20,390.6340726057934
2022-05-27,362.26559852915074
2022-06-10,335.0322325564205
2022-06-17,327.4925307605139
2022-06-24,324.4655758167472
2022-07-01,303.4614616337808
2022-07-08,299.7239105599225
2022-07-15,295.9771309648942
2022-07-22,291.5843548879645
2022-07-29,282.3835192814542
2022-08-05,283.2510002714361
2022-08-12,274.8345889643775
2022-08-19,268.5684230899336
2022-08-26,263.1328241207916
2022-09-02,239.3763034988666
2022-09-09,224.3545781643659
2022-09-16,214.70154502052458
2022-09-23,194.69872538450537
2022-09-30,187.36666531492415
2022-10-07,170.69995608186733
2022-10-14,163.34482470936106
2022-10-21,158.2137669388297
2022-10-28,154.12553206051066
2022-11-04,155.2144975585731
2022-11-11,146.96419963257483
2022-11-18,140.28275030548008
2022-11-25,128.5348428560441
2022-12-02,116.62599053813663
2022-12-09,107.27233008031712
2022-12-16,98.15833404691617
2022-12-23,98.08995151614683
2022-12-30,99.29888778941948
2023-01-06,100.01585105838471
2023-01-13,103.25792337135825
2023-01-20,100.48936702035212
2023-01-27,102.15972935212581
2023-02-03,95.12759622057027
2023-02-10,92.53438177179454
2023-02-17,91.87915676872309
2023-02-24,91.54693000660235
2023-03-03,82.60449299285258
2023-03-10,72.37929153646998
2023-03-17,70.11830384981498
2023-03-24,68.83553940718215
2023-03-31,68.33719926400104
2023-04-07,65.31744283711382
2023-04-14,64.85306302098245
2023-04-21,73.76356971197303
2023-04-28,72.70228977742069
2023-05-05,69.0907082428389
2023-05-12,66.3226126419742
2023-05-19,66.81449327094768
2023-05-26,64.98724607928365
2023-06-02,63.669782306929264
2023-06-09,66.47303798765692
2023-06-16,64.54427706312266
2023-06-23,59.86541682992233
2023-06-30,58.933336191750264
2023-07-07,59.52396154663157
2023-07-14,58.610337950799554
2023-07-21,59.52396154663157
2023-07-28,61.055896060854955
2023-08-04,66.52840911467705
2023-08-11,70.74584328937638
2023-08-18,69.24159433866305
2023-08-25,70.58895842948603
2023-09-01,70.44342447039026
2023-09-08,67.1374915118984
2023-09-15,64.11976508930172
2023-09-22,57.724399918477594
2023-09-29,54.28216152205999
2023-10-06,50.240069249591045
2023-10-13,49.529473119499485
2023-10-20,48.357450930906886
2023-10-27,50.52347677423327
2023-11-03,53.85100528336346
2023-11-10,56.17400836191417
2023-11-17,53.40545201090805
2023-11-24,53.33162384154788
2023-12-01,54.41136081844027
2023-12-08,58.60110942962953
2023-12-15,59.127135136320696
2023-12-22,62.1171759954073
2024-01-05,106.47194061948579
2024-01-12,120.5706290863165
2024-01-19,142.7467654578755
2024-01-26,157.3924285546979
2024-02-02,156.57109017056607
2024-02-09,156.55263312822603
2024-02-16,157.94613982489912
2024-02-23,154.65155776720184
2024-03-01,152.26137078416656
2024-03-08,141.6485714386431
2024-03-15,132.33699357809252
2024-03-22,121.05974070832758
2024-03-29,125.49026224794318
2024-04-05,112.86444440801355
2024-04-12,115.30114349823486
2024-04-19,108.59200860763004
2024-04-26,109.9855153043031
2024-05-03,118.15275653977116
2024-05-10,133.79851555725597
2024-05-17,143.401990460947
2024-05-24,157.4939422875681
2024-05-31,160.60949193578978
2024-06-07,184.3702573169639
2024-06-14,190.06193047513756
2024-06-21,205.16848265189347
2024-06-28,208.0108671722598
2024-07-05,231.75483826710547
2024-07-12,239.10175499405852
2024-07-19,233.02015954301507
2024-07-26,234.06298243522738
2023-12-29,62.997668389138454
2024-08-02,227.21541972707223
2024-08-09,233.01093102184504
2024-08-16,250.83120540115442
2024-08-23,256.17451915859624
2024-08-30,245.73244745471817
2024-09-06,233.5830993343863
2024-09-13,231.5897387616619
2024-09-20,216.9348471436695
2024-09-27,210.5948530998655
2024-10-04,174.55747793093585
2024-10-11,166.9808620503491
2024-10-18,156.1650352390852
2024-10-25,152.2798278265066
2024-11-01,152.9627383930881
